Title,link
The Scientist,https://www.youtube.com/watch?v=rLm_aSP369M
Yellow,https://www.youtube.com/watch?v=llkMypQVzmU
Stairway to Heaven,https://www.youtube.com/watch?v=QkF3oxziUI4
Shape of You,https://www.youtube.com/watch?v=0xcvcgHOHVA
Fix You,https://www.youtube.com/watch?v=k4V3Mo61fJM
Wish You Were Here,https://www.youtube.com/watch?v=qXPEBX4X37w
Smells Like Teen Spirit,https://www.youtube.com/watch?v=hTWKbfoikeg
Hello,https://www.youtube.com/watch?v=mHONNcZbwDY
Can't Feel My Face,https://www.youtube.com/watch?v=Is3DK7yFKms
Comfortably Numb,https://www.youtube.com/watch?v=_FrOQC-zEog
Hymn for the Weekend,https://www.youtube.com/watch?v=J54re5Dfixs
Paradise,https://www.youtube.com/watch?v=bcdan482YZE
Adventure Of A Lifetime,https://www.youtube.com/watch?v=QtXby3twMmI
Viva la Vida,https://www.youtube.com/watch?v=dvgZkm1xWPE
Cheap Thrills,https://www.youtube.com/watch?v=PonUS87Yeqw
In the End,https://www.youtube.com/watch?v=eVTXPUF4Oz4
Sweet Child o' Mine,https://www.youtube.com/watch?v=1w7OgIMMRc4
Californication,https://www.youtube.com/watch?v=YlUKcNNmywk
Radioactive,https://www.youtube.com/watch?v=vJao1u2uBqY
Numb,https://www.youtube.com/watch?v=8P0vKLHbtMg
Do I Wanna Know?,https://www.youtube.com/watch?v=bpOSxM0rNPM
Creep,https://www.youtube.com/watch?v=XFkzRNyygfk
Hotline Bling,https://www.youtube.com/watch?v=q-jeSuFWGDM
Lean On (feat. MØ & DJ Snake),https://www.youtube.com/watch?v=YqeW9_5kURI
Intro,https://www.youtube.com/watch?v=yvdFqjg0fJE
Hotel California,https://www.youtube.com/watch?v=09839DpTctU
A Sky Full of Stars,https://www.youtube.com/watch?v=NDonh28AY3I
Nothing Else Matters,https://www.youtube.com/watch?v=tAGnKpE4NCI
Clocks,https://www.youtube.com/watch?v=d020hcWA_Wg
Seven Nation Army,https://www.youtube.com/watch?v=RDuzszjrdcc
Sultans of Swing,https://www.youtube.com/watch?v=h0ffIJ7ZO4U
Come as You Are,https://www.youtube.com/watch?v=r2zhf2mqEMI
Counting Stars,https://www.youtube.com/watch?v=tzMGDIU_-ow
Rolling in the Deep,https://www.youtube.com/watch?v=lf0GKn9rbs8
Bohemian Rhapsody,https://www.youtube.com/watch?v=fJ9rUzIMcZQ
Let Her Go,https://www.youtube.com/watch?v=RBumgq5yVrA
Back in Black,https://www.youtube.com/watch?v=pAgnJDJN4VA
Thinking Out Loud,https://www.youtube.com/watch?v=H9kcLTStfpQ
Sugar,https://www.youtube.com/watch?v=N1BcpzPGlYQ
Karma Police,https://www.youtube.com/watch?v=1uYWYWPc9HU
Immigrant Song,https://www.youtube.com/watch?v=RlNhD0oS5pk
Wonderwall,https://www.youtube.com/watch?v=6hzrDeceEKc
Enter Sandman,https://www.youtube.com/watch?v=CD-E-LDc384
Lazarus,https://www.youtube.com/watch?v=pw8IgPHRBr4
Stressed Out,https://www.youtube.com/watch?v=f1tDFtMjwAE
Dream On,https://www.youtube.com/watch?v=Px70SMnwFHw
Highway to Hell,https://www.youtube.com/watch?v=l482T0yNkeo
Photograph,https://www.youtube.com/watch?v=8B2dhA6_LEw
The Hills,https://www.youtube.com/watch?v=zxdSHfZFKkY
Take Me to Church,https://www.youtube.com/watch?v=Td2bsJIaC5M
Bitter Sweet Symphony,https://www.youtube.com/watch?v=1lyu1KKwC74
Pumped Up Kicks,https://www.youtube.com/watch?v=SDTZ7iX4vTQ
Heathens,https://www.youtube.com/watch?v=wIGH3Y0JjQ8
Demons,https://www.youtube.com/watch?v=gc00PMjveQA
Teardrop,https://www.youtube.com/watch?v=u7K72X4eo_s
Magic,https://www.youtube.com/watch?v=vY7mHqFi_Kk
Faded,https://www.youtube.com/watch?v=60ItHLz5WEA
The Less I Know the Better,https://www.youtube.com/watch?v=2SUwOgmvzK4
Kashmir,https://www.youtube.com/watch?v=hW_WLxseq0o
Time,https://www.youtube.com/watch?v=zhRzORqNa0E
Chop Suey!,https://www.youtube.com/watch?v=MlcJQYON2Go
Sorry,https://www.youtube.com/watch?v=LTneCs5oIp8
Whole Lotta Love,https://www.youtube.com/watch?v=HQmmM_qwG4k
Under the Bridge,https://www.youtube.com/watch?v=NUVTkxixDwA
Starboy,https://www.youtube.com/watch?v=xizN47Box_Y
November Rain,https://www.youtube.com/watch?v=BRhODqge9dY
Hey You,https://www.youtube.com/watch?v=BFxanlSp9ZM
Trains,https://www.youtube.com/watch?v=7Xf-Lesrkuc
Royals,https://www.youtube.com/watch?v=LFasFq4GJYM
Losing My Religion,https://www.youtube.com/watch?v=BLhD-h1LRQs
Money,https://www.youtube.com/watch?v=-0kcet4aPpQ
Closer,https://www.youtube.com/watch?v=25ROFXjoaAU
Paranoid Android,https://www.youtube.com/watch?v=Lt8AfIeJOxw
Burn the Witch,https://www.youtube.com/watch?v=v7c187E5BxY
Fortunate Son,https://www.youtube.com/watch?v=qV4Q-RSQCq0
Cake By The Ocean,https://www.youtube.com/watch?v=pf3rdnzNgOg
Feel Good Inc.,https://www.youtube.com/watch?v=HyHNuVaZJ-k.ss
Paradise City,https://www.youtube.com/watch?v=Rbm6GXllBiw
Somewhere I Belong,https://www.youtube.com/watch?v=q4LHY7bDxd4
Sweet Home Alabama,https://www.youtube.com/watch?v=-p8GXZcdrIk
What Do You Mean?,https://www.youtube.com/watch?v=LJjSyVe9LAs
No Surprises,https://www.youtube.com/watch?v=LBt60dfwEBY
Paranoid,https://www.youtube.com/watch?v=0qanF-91aJo
Chandelier,https://www.youtube.com/watch?v=joxBujMflPk
Mr. Brightside,https://www.youtube.com/watch?v=gGdGFtwCNBE
Chasing Cars,https://www.youtube.com/watch?v=GemKqzILV4w
Someone Like You,https://www.youtube.com/watch?v=hLQl3WQQoQ0
Midnight City,https://www.youtube.com/watch?v=dX3k_QDnzHE
Riptide,https://www.youtube.com/watch?v=HXSIxi-VUBM
Us and Them,https://www.youtube.com/watch?v=nDbeqj-1XOo
High Hopes,https://www.youtube.com/watch?v=fH_OnJk6QqU
Somebody That I Used To Know,https://www.youtube.com/watch?v=Q7DtJJSVPsk
Iris,https://www.youtube.com/watch?v=NdYWuo9OFAw
Black Hole Sun,https://www.youtube.com/watch?v=TZThOsCv2Mw
HUMBLE.,https://www.youtube.com/watch?v=tvTRZJ-4EyI
Get Lucky (feat. Pharrell Williams),https://www.youtube.com/watch?v=5NV6Rdv1a3I
Papercut,https://www.youtube.com/watch?v=1Y-RmfB4hY4
Ride,https://www.youtube.com/watch?v=Pw-0pbY9JeU
Crawling,https://www.youtube.com/watch?v=T07zFXrH8-M
Arriving Somewhere but Not Here,https://www.youtube.com/watch?v=Kpeip2B8l2E
Baba O'Riley,https://www.youtube.com/watch?v=gY5rztWa1TM
Wake Me Up,https://www.youtube.com/watch?v=IcrbM1l_BoI
One Dance,https://www.youtube.com/watch?v=VRWSAuzM0jI
What I've Done,https://www.youtube.com/watch?v=8sgycukafqQ
Alive,https://www.youtube.com/watch?v=qM0zINtulhM
Don't Stop Believin',https://www.youtube.com/watch?v=1k8craCGpgs
Eye of the Tiger,https://www.youtube.com/watch?v=btPJPFnesV4
Instant Crush (feat. Julian Casablancas),https://www.youtube.com/watch?v=Uw7OvVZoIBs
Zombie,https://www.youtube.com/watch?v=DY34c5mEL5Q
The Sound of Silence,https://www.youtube.com/watch?v=u9Dg-g7t2l4
Ramble On,https://www.youtube.com/watch?v=LzGBQerkvWs
The Pretender,https://www.youtube.com/watch?v=2ROK1-VvOQ0
Stitches,https://www.youtube.com/watch?v=UYCg6NBiXMI
Breezeblocks,https://www.youtube.com/watch?v=pHx252Gfdms
Holocene,https://www.youtube.com/watch?v=TWcyIpul8OE
Speed of Sound,https://www.youtube.com/watch?v=0k_1kvDh2UA
Faint,https://www.youtube.com/watch?v=LYU-8IFcDPw
Like a Rolling Stone,https://www.youtube.com/watch?v=IwOfCgkyEj0
Don't Let Me Down,https://www.youtube.com/watch?v=mywyuiAbww4
Black Dog,https://www.youtube.com/watch?v=yBuub4Xe1mw
Shut Up and Dance,https://www.youtube.com/watch?v=1Tfho9aRfQY
Sex on Fire,https://www.youtube.com/watch?v=RF0HhrwIwp0
You Shook Me All Night Long,https://www.youtube.com/watch?v=Lo2qQmj0_h4
7 Years,https://www.youtube.com/watch?v=SgaQ0m3Sbqc
Skinny Love,https://www.youtube.com/watch?v=59nAovgXpVk
High and Dry,https://www.youtube.com/watch?v=18_aAVgPx-c
One Step Closer,https://www.youtube.com/watch?v=w-SO2KqTxAc
Everlong,https://www.youtube.com/watch?v=eBG7P-K-r1Y
Free Bird,https://www.youtube.com/watch?v=9ObjWKVviL8
Let It Go,https://www.youtube.com/watch?v=YVVTZgwYwVo
Welcome to the Jungle,https://www.youtube.com/watch?v=0CNPR2qNzxk
Scar Tissue,https://www.youtube.com/watch?v=U7k2qv8KTDI
Bring Me to Life,https://www.youtube.com/watch?v=3YxaaGgTQYM
Breaking the Habit,https://www.youtube.com/watch?v=GLQs0OrHiPY
Sugar (feat. Francesco Yates),https://www.youtube.com/watch?v=bvC_0foemLY
With or Without You,https://www.youtube.com/watch?v=8dnUv3DUP4E
Lush Life,https://www.youtube.com/watch?v=EhkAbKoBllw
Treat You Better,https://www.youtube.com/watch?v=0xgaqhe5QiM
Good Times Bad Times,https://www.youtube.com/watch?v=TA9Rec1qAFQ
Let It Happen,https://www.youtube.com/watch?v=-ed6UeDp1ek
Send My Love (To Your New Lover),https://www.youtube.com/watch?v=fk4BbF7B29w
Kryptonite,https://www.youtube.com/watch?v=xPU8OAjjS4k
Feel It Still,https://www.youtube.com/watch?v=gli4f8f9quc
Thunder,https://www.youtube.com/watch?v=fKopy74weus
Lose Yourself to Dance (feat. Pharrell Williams),https://www.youtube.com/watch?v=iU7oF4OXZSE
Believer,https://www.youtube.com/watch?v=igulXNL1Kz0
Pompeii,https://www.youtube.com/watch?v=F90Cw4l-8NY
Master of Puppets,https://www.youtube.com/watch?v=6xjJ2XIbGRk
In My Place,https://www.youtube.com/watch?v=Vh2I2HabjEM
Light My Fire,https://www.youtube.com/watch?v=cq8k-ZbsXDI
The Reason,https://www.youtube.com/watch?v=fV4DiAyExN0
Daydreaming,https://www.youtube.com/watch?v=G2BYATpr4uY
Fake Plastic Trees,https://www.youtube.com/watch?v=n5h0qHwNrHk
She Will Be Loved,https://www.youtube.com/watch?v=6PSad5KvhYo
The Great Gig in the Sky,https://www.youtube.com/watch?v=T13se_2A7c8
Everglow,https://www.youtube.com/watch?v=xn_1hFdE-5g
Riders on the Storm,https://www.youtube.com/watch?v=7G2-FPlvY58
Blackest Eyes,https://www.youtube.com/watch?v=Yh9osYZNilU
Uptown Funk,https://www.youtube.com/watch?v=CeYuFSBkkVw
How to Save a Life,https://www.youtube.com/watch?v=DF0zefuJ4Ys
Cocaine,https://www.youtube.com/watch?v=expwFmTbT9A
Love Yourself,https://www.youtube.com/watch?v=HDe7GYpxq9g
Trouble,https://www.youtube.com/watch?v=9eakEQSBR8o
Like a Stone,https://www.youtube.com/watch?v=7QU1nvuxaMA
Don't Panic,https://www.youtube.com/watch?v=yWeuUwpEQfs
Coming Back to Life,https://www.youtube.com/watch?v=TB54dZkzZOY
The Unforgiven,https://www.youtube.com/watch?v=Ckom3gf57Yw
I Took A Pill In Ibiza - SeeB Remix,https://www.youtube.com/watch?v=foE1mO2yM04
I'm Yours,https://www.youtube.com/watch?v=NpngifA8iRM
All Along the Watchtower,https://www.youtube.com/watch?v=TLV4_xaYynY
Carnival of Rust,https://www.youtube.com/watch?v=MKk1u5RMTn4
We Don't Talk Anymore (feat. Selena Gomez),https://www.youtube.com/watch?v=3AtDnEC4zak
Ho Hey,https://www.youtube.com/watch?v=lL9nytKWg8U
Heart-Shaped Box,https://www.youtube.com/watch?v=n6P0SitRwy8
All of Me,https://www.youtube.com/watch?v=450p7goxZqg
Gimme Shelter,https://www.youtube.com/watch?v=RbmS3tQJ7Os
Thunderstruck,https://www.youtube.com/watch?v=v2AC41dglnM
Happy,https://www.youtube.com/watch?v=ZbZSe6N_BXs
More Than a Feeling,https://www.youtube.com/watch?v=t4QK8RxCAwo
Smoke on the Water,https://www.youtube.com/watch?v=zUwEIt9ez7M
Brain Damage,https://www.youtube.com/watch?v=BhYKN21olBw
Renegades,https://www.youtube.com/watch?v=8j741TUIET0
R U Mine?,https://www.youtube.com/watch?v=VQH8ZTgna3Q
Feels Like We Only Go Backwards,https://www.youtube.com/watch?v=SKj-ZP1P8Ec
"Can't Stop The Feeling! (Original Song From Dreamworks Animation's ""Trolls"")",https://www.youtube.com/watch?v=ru0K8uYEZWw
Wake Me Up When September Ends,https://www.youtube.com/watch?v=VOJqRknAKVE
Snow (Hey Oh),https://www.youtube.com/watch?v=s6GIT4RhFv0
Stay with Me,https://www.youtube.com/watch?v=ajKzt1oQMdQ
Up&Up,https://www.youtube.com/watch?v=dGR5wvUCp34
Break on Through (to the Other Side),https://www.youtube.com/watch?v=NFeUko-lQHg
Paris,https://www.youtube.com/watch?v=Kcz2BnDpUpA
Can't Stop,https://www.youtube.com/watch?v=rL4R3vOthTE
Here Without You,https://www.youtube.com/watch?v=kPBzTxZQG5Q
Budapest,https://www.youtube.com/watch?v=4YCkAVokE84
Dani California,https://www.youtube.com/watch?v=0QMMDSO8904
Every Teardrop Is a Waterfall,https://www.youtube.com/watch?v=S_25yFlbe7g
Black,https://www.youtube.com/watch?v=qgaRVvAKoqQ
Lithium,https://www.youtube.com/watch?v=ZpiEunhVs9o
The House of the Rising Sun,https://www.youtube.com/watch?v=N4bFqW_eu2I
Going to California,https://www.youtube.com/watch?v=PDIz4talyQk
Castle On the Hill,https://www.youtube.com/watch?v=7Qp5vcuMIlk
Gold,https://www.youtube.com/watch?v=jYf1qjiGeGk
Otherside,https://www.youtube.com/watch?v=rn_YodiJO6k
When the Levee Breaks,https://www.youtube.com/watch?v=JM3fodiK9rY
Dark Necessities,https://www.youtube.com/watch?v=SaMfZ5U6rCo
Use Somebody,https://www.youtube.com/watch?v=gnhXHvRoUd0
Stronger,https://www.youtube.com/watch?v=Xn676-fLq7I
Attention,https://www.youtube.com/watch?v=Oz5JDtkf1as
Another One Bites the Dust,https://www.youtube.com/watch?v=eqyUAtzS_6M
You're Beautiful,https://www.youtube.com/watch?v=XDL8o5k8YnA
Set Fire to the Rain,https://www.youtube.com/watch?v=qOagQWjKpyM
Killing in the Name,https://www.youtube.com/watch?v=bWXazVhlyxQ
Even Flow,https://www.youtube.com/watch?v=CxKWTzr-k6s
Heartbeats,https://www.youtube.com/watch?v=ik_BQYbbZ5U
Violet Hill,https://www.youtube.com/watch?v=IakDItZ7f7Q
On My Mind,https://www.youtube.com/watch?v=H202k7KfZL0
Where Is My Mind?,https://www.youtube.com/watch?v=OJ62RzJkYUo
This Is What You Came For,https://www.youtube.com/watch?v=ipLRRzJ9sWg
How Deep is your love,https://www.youtube.com/watch?v=XpqqjU7u5Yc
One,https://www.youtube.com/watch?v=ftjEcrrf7r0
Beautiful Day,https://www.youtube.com/watch?v=co6WMzDOh1o
Africa,https://www.youtube.com/watch?v=FTQbiNvZqaY
Summer of '69,https://www.youtube.com/watch?v=1i0i5lG6Ojc
Babe I'm Gonna Leave You,https://www.youtube.com/watch?v=UyOg0mt2R2k
A Head Full of Dreams,https://www.youtube.com/watch?v=vGZMvV9KBp8
Tessellate,https://www.youtube.com/watch?v=MPH89HIBLiw
The Man Who Sold the World,https://www.youtube.com/watch?v=tTND-NN3MtA
Work,https://www.youtube.com/watch?v=XD0hUkE__ps
The Sound of Muzak,https://www.youtube.com/watch?v=ciQ9iR8ZPfE
24K Magic,https://www.youtube.com/watch?v=h-BoPmgqQfs
Little Talks,https://www.youtube.com/watch?v=gSdjztTxYgk
Paper Planes,https://www.youtube.com/watch?v=ewRjZoRtu0Y
"Hey, Soul Sister",https://www.youtube.com/watch?v=kVpv8-5XWOI
Rock and Roll,https://www.youtube.com/watch?v=D2lSwosw9xY
Panda,https://www.youtube.com/watch?v=4NJlUribp3c
Ophelia,https://www.youtube.com/watch?v=WVcy0YdEz0M
Crystalised,https://www.youtube.com/watch?v=KGYF6q7e7cA
Say You Won't Let Go,https://www.youtube.com/watch?v=xP6wdkRbtRk
Lonely Boy,https://www.youtube.com/watch?v=Lv9QJDfRiTI
Sympathy for the Devil,https://www.youtube.com/watch?v=GgnClrx8N2k
Jeremy,https://www.youtube.com/watch?v=JNZezhUkOSk
Let Me Love You,https://www.youtube.com/watch?v=SMs0GnYze34
Awake,https://www.youtube.com/watch?v=SPAWurVRBxE
Titanium (feat. Sia),https://www.youtube.com/watch?v=KxnpFKZowcs
Knockin' on Heaven's Door,https://www.youtube.com/watch?v=rm9coqlk8fY
Take on Me,https://www.youtube.com/watch?v=Ktb44YLL8Nw
Animals,https://www.youtube.com/watch?v=0GVExpdmoDs
Iron Man,https://www.youtube.com/watch?v=JysHr9w1JeM
Every Breath You Take,https://www.youtube.com/watch?v=OMOGaugKpzs
woRK frOm HoMe,https://www.youtube.com/watch?v=3KL9mRus19o
Livin' on a Prayer,https://www.youtube.com/watch?v=lDK9QqIzhwk
Perfect,https://www.youtube.com/watch?v=2Vv-BfVoq4g
Want To Want Me,https://www.youtube.com/watch?v=TB54dZkzZOY
American Idiot,https://www.youtube.com/watch?v=Ee_uujKuJMI
Time,https://www.youtube.com/watch?v=zhRzORqNa0E
Sunset Lover,https://www.youtube.com/watch?v=Le98jOPu5pY
Take Me Out,https://www.youtube.com/watch?v=GhCXAiNz9Jo
Hurt,https://www.youtube.com/watch?v=8AHCfZTRGiI
Eclipse,https://www.youtube.com/watch?v=n9xOl8qZ7tc
Everything in Its Right Place,https://www.youtube.com/watch?v=NUnXxh5U25Y
Somewhere Only We Know,https://www.youtube.com/watch?v=Oextk-If8HQ
Paint It Black,https://www.youtube.com/watch?v=O4irXQhgMqg
The Diary of Jane,https://www.youtube.com/watch?v=DWaB4PXCwFU
Maps,https://www.youtube.com/watch?v=oIIxlgcuQRU
PILLOWTALK,https://www.youtube.com/watch?v=-x-ce3425yQ
Rockabye (feat. Sean Paul & Anne-Marie),https://www.youtube.com/watch?v=papuvlVeZg8
The Cave,https://www.youtube.com/watch?v=fNy8llTLvuA
Toxicity,https://www.youtube.com/watch?v=iywaBOMvYLI
Billie Jean,https://www.youtube.com/watch?v=B02LXuKWGTI
Drive,https://www.youtube.com/watch?v=dQe3DKDQRRs
Redbone,https://www.youtube.com/watch?v=BA4rSO-h9Io
Blowin' in the Wind,https://www.youtube.com/watch?v=MMFj8uDubsE
Something Just Like This,https://www.youtube.com/watch?v=FM7MFYoylVs
Purple Haze,https://www.youtube.com/watch?v=WGoDaYjdfSg
I Will Follow You Into The Dark,https://www.youtube.com/watch?v=3iV_1ESMHaI
Home,https://www.youtube.com/watch?v=HoRkntoHkIE
Hallelujah,https://www.youtube.com/watch?v=LRP8d7hhpoQ
Your Body Is a Wonderland,https://www.youtube.com/watch?v=m8dYpp0Pj5k
Bleed It Out,https://www.youtube.com/watch?v=OnuuYcqhzCE
Ace of Spades,https://www.youtube.com/watch?v=3mbvWn1EY6g
New Rules,https://www.youtube.com/watch?v=ClhLNUPqv8Q
Summer,https://www.youtube.com/watch?v=ebXbLfLACGM
Sunshine of Your Love,https://www.youtube.com/watch?v=3jYT1jFtxoE
Roses,https://www.youtube.com/watch?v=j76ag1olq18
Naked As We Came,https://www.youtube.com/watch?v=Nd-A-iiPoLg
Go Your Own Way,https://www.youtube.com/watch?v=EjjDgxbnTww
Decks Dark,https://www.youtube.com/watch?v=Del3C2W63Pk
Cornfield Chase,https://www.youtube.com/watch?v=7GlsxNI4LVI
Supermassive Black Hole,https://www.youtube.com/watch?v=Xsp3_a-PMTw
The A Team,https://www.youtube.com/watch?v=UAWcs5H-qgQ
One More Time,https://www.youtube.com/watch?v=iaMbvIwiijE
Points of Authority,https://www.youtube.com/watch?v=TV5vfYOiwYU
Good Riddance (Time of Your Life),https://www.youtube.com/watch?v=CnQ8N1KacJc
The Times They Are a-Changin',https://www.youtube.com/watch?v=90WD_ats6eE
Avril 14th,https://www.youtube.com/watch?v=-LgYzva-xq8
See You Again (feat. Charlie Puth),https://www.youtube.com/watch?v=cPyovQwFmhE
Why'd You Only Call Me When You're High?,https://www.youtube.com/watch?v=6366dxFf-Os
New Slang,https://www.youtube.com/watch?v=zYwCmcB0XMw
Learning to Fly,https://www.youtube.com/watch?v=nVhNCTH8pDs
The Greatest,https://www.youtube.com/watch?v=GKSRyLdjsPA
Safe and Sound,https://www.youtube.com/watch?v=47dtFZ8CFo8
Arabella,https://www.youtube.com/watch?v=Nj8r3qmOoZ8
Gold,https://www.youtube.com/watch?v=0rMwaEK0jn0
Threnody,https://www.youtube.com/watch?v=5N9DYWFIc8w
Kids,https://www.youtube.com/watch?v=fe4EK4HSPkI
Your Hand in Mine,https://www.youtube.com/watch?v=YLlYQQrHmh8
Tears in Heaven,https://www.youtube.com/watch?v=JxPj3GAYYZ0
Georgia,https://www.youtube.com/watch?v=l0XRlNZbQFE
Hey There Delilah,https://www.youtube.com/watch?v=EbJtYqBYCV8
Last Resort,https://www.youtube.com/watch?v=j0lSpNtjPM8
Elastic Heart,https://www.youtube.com/watch?v=noHygl5CGEY
Fade to Black,https://www.youtube.com/watch?v=x8Q_KhMCszc
One More Night,https://www.youtube.com/watch?v=zKVq-P3z5Vg
Any Colour You Like,https://www.youtube.com/watch?v=bK7HJvmgFnM
What You Know,https://www.youtube.com/watch?v=DjMHaG4RuJk
Clint Eastwood,https://www.youtube.com/watch?v=1V_xRb0x9aw
Angels,https://www.youtube.com/watch?v=MPlnmfklP68
Youth,https://www.youtube.com/watch?v=Bs-Hr-gEJAU
Have a Cigar,https://www.youtube.com/watch?v=hMr3KtYUCcI
21 Guns,https://www.youtube.com/watch?v=YdXV271veWA
Elephant,https://www.youtube.com/watch?v=LnKUD_OztRE
Gooey,https://www.youtube.com/watch?v=jeo3an2M_Lo
Fireflies,https://www.youtube.com/watch?v=ytBR7ET_6uU
(Don't Fear) The Reaper,https://www.youtube.com/watch?v=Dy4HA3vUv2c
DNA.,https://www.youtube.com/watch?v=qGDsMXdQoyI
Uprising,https://www.youtube.com/watch?v=w8KQmps-Sog
Leave Out All the Rest,https://www.youtube.com/watch?v=yZIummTz9mM
Hey Jude,https://www.youtube.com/watch?v=A_MjCqQoLLA
Way Down We Go,https://www.youtube.com/watch?v=0-7IHOXkiV8
My Way,https://www.youtube.com/watch?v=0JZyNIPb2UA
It's Time,https://www.youtube.com/watch?v=xGytDsqkQY8
Into You,https://www.youtube.com/watch?v=FL-pm-xRb40
Without Me,https://www.youtube.com/watch?v=RBdv6ASZX5E
Walk of Life,https://www.youtube.com/watch?v=Sys9LCUo-AU
I See Fire,https://www.youtube.com/watch?v=2fngvQS_PmQ
I Feel It Coming,https://www.youtube.com/watch?v=qFLhGq0060w
Midnight,https://www.youtube.com/watch?v=k93EdJwarB0
Roar,https://www.youtube.com/watch?v=CevxZvSJLk8
Learn to Fly,https://www.youtube.com/watch?v=1VQ_3sBZEm0
Burn,https://www.youtube.com/watch?v=CGyEd0aKWZE
Best of You,https://www.youtube.com/watch?v=h_L4Rixya64
Tighten Up,https://www.youtube.com/watch?v=Wro3bqi4Eb8
Wind of Change,https://www.youtube.com/watch?v=n4RjJKxsamQ
Talking Body,https://www.youtube.com/watch?v=AzRyxGBGiAE
A Walk,https://www.youtube.com/watch?v=gmfcYli6vV4
My House,https://www.youtube.com/watch?v=AA4ayMlgsa0
Hymn For The Weekend - Seeb Remix,https://www.youtube.com/watch?v=k1gsZ-OsGpI
Mrs. Robinson,https://www.youtube.com/watch?v=9C1BCAgu2I8
Here,https://www.youtube.com/watch?v=fWNaR-rxAic
On the Run,https://www.youtube.com/watch?v=aY5X748vG1U
People Are Strange,https://www.youtube.com/watch?v=K3CHi_9sxj0
Shiver,https://www.youtube.com/watch?v=Il0S8BoucSA
Layla,https://www.youtube.com/watch?v=fX5USg8_1gA
Born to Be Wild,https://www.youtube.com/watch?v=SGS_QzrjyRM
Galway Girl,https://www.youtube.com/watch?v=XjHr-6Zl5P8
For What It's Worth,https://www.youtube.com/watch?v=gp5JCrSXkJY
King Kunta,https://www.youtube.com/watch?v=hRK7PVJFbS8
The End,https://www.youtube.com/watch?v=BFxanlSp9ZM
Sparks,https://www.youtube.com/watch?v=Ar48yzjn1PE
Fluorescent Adolescent,https://www.youtube.com/watch?v=ma9I9VBKPiw
Mykonos,https://www.youtube.com/watch?v=E4rcGM-cJW4
Money for Nothing,https://www.youtube.com/watch?v=9oI6yClWr-E
Left Hand Free,https://www.youtube.com/watch?v=NRWUoDpo2fo
Mountain At My Gates,https://www.youtube.com/watch?v=l_EIE5f2t6M
Young and Beautiful,https://www.youtube.com/watch?v=79c2pSvz8IE
Hero,https://www.youtube.com/watch?v=0IA3ZvCkRkQ
Identikit,https://www.youtube.com/watch?v=QZfK4zOQQ3E
By the Way,https://www.youtube.com/watch?v=kfVsfOSbJY0
Dazed and Confused,https://www.youtube.com/watch?v=w772GXG5LnE
Bad Moon Rising,https://www.youtube.com/watch?v=bM1BkMXfA5o
Summertime Sadness,https://www.youtube.com/watch?v=HQOQ52FkRzQ
Burn It Down,https://www.youtube.com/watch?v=qbHu2Y7rnNM
Retrograde,https://www.youtube.com/watch?v=CIk2WqK7ABM
I Want You Back,https://www.youtube.com/watch?v=FlYJHCJo3oo
Brown Eyed Girl,https://www.youtube.com/watch?v=UfmkgQRmmeE
"Harder, Better, Faster, Stronger",https://www.youtube.com/watch?v=gAjR4_CbPpQ
I'm Not the Only One,https://www.youtube.com/watch?v=nCkpzqqog4k
Be Yourself,https://www.youtube.com/watch?v=kfVsfOSbJY0
Only Love,https://www.youtube.com/watch?v=vWGoNk6HNm0
Firestone,https://www.youtube.com/watch?v=iFP-EWO_Q_o
When We Were Young,https://www.youtube.com/watch?v=ZiAr6O9x-ZU
Tenerife Sea,https://www.youtube.com/watch?v=4rg6puSP9ks
Love Myself,https://www.youtube.com/watch?v=bMpFmHSgC4Q
Electric Feel,https://www.youtube.com/watch?v=MmZexg8sxyk
White Rabbit,https://www.youtube.com/watch?v=pnJM_jC7j_4
Hold Back the River,https://www.youtube.com/watch?v=mqiH0ZSkM9I
Strawberry Swing,https://www.youtube.com/watch?v=h3pJZSTQqIg
From the Inside,https://www.youtube.com/watch?v=fWNaR-rxAic
Drops of Jupiter,https://www.youtube.com/watch?v=7Xf-Lesrkuc
Needed Me,https://www.youtube.com/watch?v=gOtgSJrmHhk
True Love Waits,https://www.youtube.com/watch?v=WSnc_6Z7HqQ
Dog Days Are Over,https://www.youtube.com/watch?v=vDHr85LiwUM
Boulevard of Broken Dreams,https://www.youtube.com/watch?v=51XzW98wEDg
Crazy,https://www.youtube.com/watch?v=-N4jf6rtyuw
Can't Hold Us (feat. Ray Dalton),https://www.youtube.com/watch?v=dbevJM-2lcY
We Will Rock You,https://www.youtube.com/watch?v=TXGbhniTBrU
No Money,https://www.youtube.com/watch?v=kwmvW54-_Ms
Just the Way You Are,https://www.youtube.com/watch?v=HaA3YZ6QdJU
Marooned,https://www.youtube.com/watch?v=P7YMI39sObY
Waiting For Love,https://www.youtube.com/watch?v=cHHLHGNpCSA
Trap Queen,https://www.youtube.com/watch?v=i_kF4zLNKio
Mess Is Mine,https://www.youtube.com/watch?v=4ptF3xfFatc
Song 2,https://www.youtube.com/watch?v=SSbBvKaM6sk
Show Me How To Live,https://www.youtube.com/watch?v=DDg2mSOmeIA
Desert Island Disk,https://www.youtube.com/watch?v=xMMS4I6f7o4
Time to Pretend,https://www.youtube.com/watch?v=B9dSYgd5Elk
Let Down,https://www.youtube.com/watch?v=JLTPL9FeDek
Havana,https://www.youtube.com/watch?v=egtD5GfAh58
The Happiest Days of Our Lives,https://www.youtube.com/watch?v=DXj3AIsN4gU
Roadhouse Blues,https://www.youtube.com/watch?v=6VKkeEpyaK0
Present Tense,https://www.youtube.com/watch?v=V5YvYKN9BIc
Starlight,https://www.youtube.com/watch?v=lPvcwgEuKTg
On Melancholy Hill,https://www.youtube.com/watch?v=p00v9ZFhWJM
Love Me Again,https://www.youtube.com/watch?v=CfihYWRWRTQ
Wonderful Tonight,https://www.youtube.com/watch?v=UprwkbzUX6g
Alright,https://www.youtube.com/watch?v=Px70SMnwFHw
Sweet Emotion,https://www.youtube.com/watch?v=bHlbryOTgYM
Heartbreaker,https://www.youtube.com/watch?v=fjFDDTtabMQ
Have You Ever Seen The Rain?,https://www.youtube.com/watch?v=g4flAZEgtjs
Exit Music (for a Film),https://www.youtube.com/watch?v=Bf01riuiJWA
Fast Car - Radio Edit,https://www.youtube.com/watch?v=aXmmyuIqZyo
Angel,https://www.youtube.com/watch?v=XWJrPzAUzAs
Stolen Dance,https://www.youtube.com/watch?v=JnYr3wlVF08
Brothers in Arms,https://www.youtube.com/watch?v=jhdFe3evXpk
Nuvole Bianche,https://www.youtube.com/watch?v=4VR-6AS0-l4
Fitzpleasure,https://www.youtube.com/watch?v=npvNPORFXpc
Piano Man,https://www.youtube.com/watch?v=A_g7fPjVxvg
Giorgio by Moroder,https://www.youtube.com/watch?v=NZvzXSrLSLk
Capsize,https://www.youtube.com/watch?v=cDEUNh_kOIc
Never Be Like You (feat. Kai),https://www.youtube.com/watch?v=op9iNAZ-Rwo
Lotus Flower,https://www.youtube.com/watch?v=HgMAwBZ2M3w
It's My Life,https://www.youtube.com/watch?v=cFH5JgyZK1I
Give Life Back to Music,https://www.youtube.com/watch?v=IluRBvnYMoY
Stole The Show,https://www.youtube.com/watch?v=Vs3LXhqm5h4
Lying from You,https://www.youtube.com/watch?v=NjdgcHdzvac
Bulls on Parade,https://www.youtube.com/watch?v=3L4YrGaR8E4
Kong,https://www.youtube.com/watch?v=BFxanlSp9ZM
Are You Gonna Be My Girl,https://www.youtube.com/watch?v=54dLepp2b0A
Talk,https://www.youtube.com/watch?v=cFH5JgyZK1I
Skinny Love,https://www.youtube.com/watch?v=59nAovgXpVk
Who Says,https://www.youtube.com/watch?v=akvu1AOnUIw
White Room,https://www.youtube.com/watch?v=VR90gQ-SIaY
Open Car,https://www.youtube.com/watch?v=uvpVyziILlM
Loser,https://www.youtube.com/watch?v=2Ui_Q4qBDJY
No One Knows,https://www.youtube.com/watch?v=s88r_q7oufE
On Top of the World,https://www.youtube.com/watch?v=kRHpoWXD-2w
In the Waiting Line,https://www.youtube.com/watch?v=CUdxH8ITCw0
Charlie Brown,https://www.youtube.com/watch?v=_UnPzp2lmNk
Castle of Glass,https://www.youtube.com/watch?v=5g-dHTrNNGQ
Halo,https://www.youtube.com/watch?v=yrJ7CVeiFvo
I Will Wait,https://www.youtube.com/watch?v=rGKfrgqWcv0
A Place for My Head,https://www.youtube.com/watch?v=3t2WkCudwfY
Tom Sawyer,https://www.youtube.com/watch?v=auLBLk4ibAk
Skyfall,https://www.youtube.com/watch?v=DeumyOzKqgI
Should Have Known Better,https://www.youtube.com/watch?v=rp63A_-0XUU
Eventually,https://www.youtube.com/watch?v=GHe8kKO8uds
"Me, Myself & I",https://www.youtube.com/watch?v=4S37SGxZSMc
Fun (feat. Tove Lo),https://www.youtube.com/watch?v=rqCP4Invnrs
Birds,https://www.youtube.com/watch?v=Nmmsl2X_--U
Airbag,https://www.youtube.com/watch?v=Hw27WpM8AxY
Rude,https://www.youtube.com/watch?v=PIh2xe4jnpk
Walk This Way,https://www.youtube.com/watch?v=4c8O2n1Gfto
Same Old Love,https://www.youtube.com/watch?v=_CjluVOzkbM
In the Name of Love,https://www.youtube.com/watch?v=Q8sYncOdnKs
Nothing it Can,https://www.youtube.com/watch?v=kfVsfOSbJY0
Howlin' for You,https://www.youtube.com/watch?v=Zs3cyuXSFII
Highway Star,https://www.youtube.com/watch?v=AqEW53Ui2no
Glass Eyes,https://www.youtube.com/watch?v=WGU_4-5RaxU
Somebody to Love,https://www.youtube.com/watch?v=FGGo8LFmbjs
Welcome to the Machine,https://www.youtube.com/watch?v=-m6PEKX4SIw
Passionfruit,https://www.youtube.com/watch?v=COz9lDCFHjw
Cirrus,https://www.youtube.com/watch?v=G7KNmW9a75Y
Ful Stop,https://www.youtube.com/watch?v=GwvHiZnAunI
Two Weeks,https://www.youtube.com/watch?v=gGtW4AFyLyM
One,https://www.youtube.com/watch?v=ftjEcrrf7r0
Carry on Wayward Son,https://www.youtube.com/watch?v=P5ZJui3aPoQ
Waiting on the World to Change,https://www.youtube.com/watch?v=oBIxScJ5rlY
Drag Me Down,https://www.youtube.com/watch?v=hzT1sZcmbZw
Stay,https://www.youtube.com/watch?v=yWHrYNP6j4k
Islands,https://www.youtube.com/watch?v=erG5rgNYSdk
Shake It Off,https://www.youtube.com/watch?v=oA2G-y7ySnI
Would?,https://www.youtube.com/watch?v=Nco_kh8xJDs
Runaway,https://www.youtube.com/watch?v=wSWMJxbxj7c
The Chain,https://www.youtube.com/watch?v=JDG2m5hN1vo
Hoppípolla,https://www.youtube.com/watch?v=JAYb8ZyjzD0
Rather Be (feat. Jess Glynne),https://www.youtube.com/watch?v=jUjDcqdvCrk
Kiara,https://www.youtube.com/watch?v=iBHNgV6_znU
Runaway (U & I),https://www.youtube.com/watch?v=d_HlPboLRL8
There's Nothing Holdin' Me Back,https://www.youtube.com/watch?v=PUL8_NVCyJ8
Deadwing,https://www.youtube.com/watch?v=gZDE8UGVQyU
Lose Yourself,https://www.youtube.com/watch?v=_Yhyp-_hX2s
Lost!,https://www.youtube.com/watch?v=EMKXYpKKfeI
Centuries,https://www.youtube.com/watch?v=dfk6i41GCNo
Take It Easy,https://www.youtube.com/watch?v=m04mluWfQ9w
Day One,https://www.youtube.com/watch?v=ca9ub9rpNK4
Firework,https://www.youtube.com/watch?v=QGJuMBdaqIw
Since I've Been Loving You,https://www.youtube.com/watch?v=vcIem-L398w
Cold Water (feat. Justin Bieber & MØ),https://www.youtube.com/watch?v=a59gmGkq_pw
Sweet Disposition,https://www.youtube.com/watch?v=vN7HQrgakZU
Last Nite,https://www.youtube.com/watch?v=TOypSnKFHrE
To Build a Home,https://www.youtube.com/watch?v=qkP6Tf79UrM
The Moment,https://www.youtube.com/watch?v=BFxanlSp9ZM
Let It Be,https://www.youtube.com/watch?v=QfB09CeGpAU
Blank Space,https://www.youtube.com/watch?v=IZDReMwYM0Y
Ain't No Sunshine,https://www.youtube.com/watch?v=YuKfiH0Scao
Best Day of My Life,https://www.youtube.com/watch?v=tTsmVFbR100
I Want It That Way,https://www.youtube.com/watch?v=Kt_8W88BLGc
Hunger of the Pine,https://www.youtube.com/watch?v=dCCXq9QB-dQ
Old Pine,https://www.youtube.com/watch?v=x8ccDb6n5Wg
Lay It All On Me (feat. Ed Sheeran),https://www.youtube.com/watch?v=WtejRvpwscY
1979,https://www.youtube.com/watch?v=kFkOgZ7hK-w
Madness,https://www.youtube.com/watch?v=qbVktaE0llk
Rap God,https://www.youtube.com/watch?v=XbGs_qK2PQA
Despacito - Remix,https://www.youtube.com/watch?v=nJmPEcxATpQ
That's What I Like,https://www.youtube.com/watch?v=PMivT7MJ41M
Middle,https://www.youtube.com/watch?v=BFxanlSp9ZM
Basket Case,https://www.youtube.com/watch?v=NUTGr5t3MoY
Life in Technicolor,https://www.youtube.com/watch?v=ND6QXvtteI0
Too Good,https://www.youtube.com/watch?v=N6tv11_KMiM
All the Small Things,https://www.youtube.com/watch?v=Sn0gVjPrUj0
Come Together,https://www.youtube.com/watch?v=HHXVg16MTUE
Roads,https://www.youtube.com/watch?v=w8ij90UTiy8
Taro,https://www.youtube.com/watch?v=S3fTw_D3l10
Dancing Queen,https://www.youtube.com/watch?v=-sVB91NTa4A
Cheerleader - Felix Jaehn Remix Radio Edit,https://www.youtube.com/watch?v=alxAO7K2UGk
Echoes,https://www.youtube.com/watch?v=KBca3xf-j3o
Don't Wanna Know,https://www.youtube.com/watch?v=1Z1ggHs50Y0
Somebody Told Me,https://www.youtube.com/watch?v=Y5fBdpreJiU
Don't Look Back in Anger,https://www.youtube.com/watch?v=r8OipmKFDeM
Here Comes the Sun,https://www.youtube.com/watch?v=xUNqsfFUwhY
Latch (feat. Sam Smith),https://www.youtube.com/watch?v=93ASUImTedo
First Day of My Life,https://www.youtube.com/watch?v=xUBYzpCNQ1I
"Another Brick in the Wall, Pt. 2",https://www.youtube.com/watch?v=HrxX9TBj2zY
15 Step,https://www.youtube.com/watch?v=bgsmr7t8zGE
House of Cards,https://www.youtube.com/watch?v=BcfMTSHHfu4
God Put a Smile Upon Your Face,https://www.youtube.com/watch?v=qhIVgSoJVRc
Take a Look Around,https://www.youtube.com/watch?v=o3UHMV3jrZk
No Quarter,https://www.youtube.com/watch?v=Pu94mWlgzMY
Final Song,https://www.youtube.com/watch?v=WUcXQ--yGWQ
You Give Love a Bad Name,https://www.youtube.com/watch?v=Aqc3VTpz9HQ
To Be Alone With You,https://www.youtube.com/watch?v=0NKUpo_xKyQ
"Comptine d'un autre été, L'Après-midi",https://www.youtube.com/watch?v=znfYwABeSZ0
Behind Blue Eyes,https://www.youtube.com/watch?v=8IEQpfA528M
Spirit in the Sky,https://www.youtube.com/watch?v=W2msh0jut2Y
No Diggity,https://www.youtube.com/watch?v=3KL9mRus19o
Always in My Head,https://www.youtube.com/watch?v=7Tvu0SFyK3U
All Apologies,https://www.youtube.com/watch?v=1KPiElw6qy8
Romeo and Juliet,https://www.youtube.com/watch?v=8CRu2SWDtRA
One Call Away,https://www.youtube.com/watch?v=xQBVQBMuaec
About a Girl,https://www.youtube.com/watch?v=ZyhrYis509A
Shadow of the Day,https://www.youtube.com/watch?v=n1PCW0C1aiM
Water Under The Bridge,https://www.youtube.com/watch?v=7UQ_8Fuivj0
Barcelona,https://www.youtube.com/watch?v=q0wdxj8-mAU
Love Her Madly,https://www.youtube.com/watch?v=s7Jq1xbQwqw
Mr. Tambourine Man,https://www.youtube.com/watch?v=oecX_1pqxk0
The Numbers,https://www.youtube.com/watch?v=D0Ajq682yrA
Never Forget You,https://www.youtube.com/watch?v=bdYlVRI7JrY
True Love,https://www.youtube.com/watch?v=Lo8FHIj9804
Kaleidoscope,https://www.youtube.com/watch?v=imHkz5nD6gs
Born to Die,https://www.youtube.com/watch?v=_HZM2tHqJ4Y
Float On,https://www.youtube.com/watch?v=WclAFJSvyWw
Sad but True,https://www.youtube.com/watch?v=wltikgLtjN4
Gravity,https://www.youtube.com/watch?v=7VBex8zbDRs
Every Other Freckle,https://www.youtube.com/watch?v=axTSc3e6wu8
Starving,https://www.youtube.com/watch?v=ScjT8zvT7d0
"I Hate U, I Love U (feat. Olivia O'Brien)",https://www.youtube.com/watch?v=BiQIc7fG9pA
While My Guitar Gently Weeps,https://www.youtube.com/watch?v=bI8P6ZSHSvE
Green Light,https://www.youtube.com/watch?v=o-AbEO6J8s0
Everybody Hurts,https://www.youtube.com/watch?v=FfggUztyO00
Rockstar,https://www.youtube.com/watch?v=83xBPCw5hh4
Solo Dance,https://www.youtube.com/watch?v=iSHb27LngT0
Street Spirit (Fade Out),https://www.youtube.com/watch?v=LCJblaUkkfc
Porcelain,https://www.youtube.com/watch?v=IJWlBfo5Oj0
Doin' It Right (feat. Panda Bear),https://www.youtube.com/watch?v=wmSkU6R9Zi8
Mother,https://www.youtube.com/watch?v=gpqAk_Js5Yo
Issues,https://www.youtube.com/watch?v=TjovBmE2iZA
Shallow,https://www.youtube.com/watch?v=aU_bj9SxvdU
Mountains,https://www.youtube.com/watch?v=AkLm_1DPhsY
A-Punk,https://www.youtube.com/watch?v=_XC2mqcMMGQ
Glory Box,https://www.youtube.com/watch?v=c417rIku6Iw
Mirrors,https://www.youtube.com/watch?v=ZFlpVBFSEis
Slow Dancing in a Burning Room,https://www.youtube.com/watch?v=rdPChnpNh3g
Good for You,https://www.youtube.com/watch?v=FHY7J1ZfGzU
Sail,https://www.youtube.com/watch?v=tgIqecROs5M
My Immortal,https://www.youtube.com/watch?v=5anLPw0Efmo
How You Remind Me,https://www.youtube.com/watch?v=1cQh1ccqu8M
Fast Car,https://www.youtube.com/watch?v=AIOAlaACuv4
Free Fallin',https://www.youtube.com/watch?v=1lWJXDG2i0A
Party Monster,https://www.youtube.com/watch?v=-OadKq7rrfE
Hide Away,https://www.youtube.com/watch?v=Vnoz5uBEWOA
Reckoner,https://www.youtube.com/watch?v=pLg_t0qF_h0
Hey Joe,https://www.youtube.com/watch?v=g--MxmGc6wA
The Monster,https://www.youtube.com/watch?v=BrMp5w2PtLA
Till I Collapse,https://www.youtube.com/watch?v=ytQ5CYE1VZw
Windowpane,https://www.youtube.com/watch?v=-iAyp2Pl-Wk
Bloom - Bonus Track,https://www.youtube.com/watch?v=dSzIfeBJCGs
Light It Up (feat. Nyla & Fuse ODG) [Remix],https://www.youtube.com/watch?v=AO7Suyq3xJA
Imagine,https://www.youtube.com/watch?v=rAn-AWXtHv0
All Star,https://www.youtube.com/watch?v=aT5JaB5agSE
Dirty Paws,https://www.youtube.com/watch?v=mCHUw7ACS8o
Man in the Box,https://www.youtube.com/watch?v=TAqZb52sgpU
I Won't Give Up,https://www.youtube.com/watch?v=0cNhpIzUreI
La femme d'argent,https://www.youtube.com/watch?v=3WyCch8RUWI
Simple Man,https://www.youtube.com/watch?v=CQ74BwEwOJY
Johnny B. Goode,https://www.youtube.com/watch?v=Uf4rxCB4lys
American Pie,https://www.youtube.com/watch?v=iX_TFkut1PM
L.A. Woman,https://www.youtube.com/watch?v=WwnLt6b7YHk
My Sweet Lord,https://www.youtube.com/watch?v=SP9wms6oEMo
Famous,https://www.youtube.com/watch?v=LTneCs5oIp8
The Night We Met,https://www.youtube.com/watch?v=KtlgYxa6BMU
Reptilia,https://www.youtube.com/watch?v=b8-tXG8KrWs
Sweater Weather,https://www.youtube.com/watch?v=lE-GhpoL3c4
Locked Out of Heaven,https://www.youtube.com/watch?v=e-fA-gBCkj0
Complicated,https://www.youtube.com/watch?v=8ocG9fUrt-w
Between the Bars,https://www.youtube.com/watch?v=p4cJv6s_Yjw
Warning Sign,https://www.youtube.com/watch?v=kRvaGY53Dk0
The Real Slim Shady,https://www.youtube.com/watch?v=UMPofnwxgKI
The Final Countdown,https://www.youtube.com/watch?v=w9km01hvP4w
Cool for the Summer,https://www.youtube.com/watch?v=whTiFtWbRk4
All I Need,https://www.youtube.com/watch?v=s9kwQ2rw7jY
This Love,https://www.youtube.com/watch?v=fWNaR-rxAic
Champagne Supernova,https://www.youtube.com/watch?v=-cJauX_q6wI
Hands to Myself,https://www.youtube.com/watch?v=xDLrOHQkve0
A Horse With No Name,https://www.youtube.com/watch?v=KFfBRA_bbe8
Blue in Green,https://www.youtube.com/watch?v=lBsttFDJB2o
Yellow Ledbetter,https://www.youtube.com/watch?v=VhJ65v_C-eI
Hooked on a Feeling,https://www.youtube.com/watch?v=Wqt_iZBvtCo
Someone New,https://www.youtube.com/watch?v=bPJSsAr2iu0
The Ocean,https://www.youtube.com/watch?v=dy9nwe9_xzw
I Bet You Look Good on the Dancefloor,https://www.youtube.com/watch?v=CYpn8yUnX_c
We Found Love (feat. Calvin Harris),https://www.youtube.com/watch?v=tg00YEETFzg
Cry Me a River,https://www.youtube.com/watch?v=CI779D2tLyk
Pull Me Under,https://www.youtube.com/watch?v=mipc-JxrhRk
"So Long, Lonesome",https://www.youtube.com/watch?v=d3ix-WmtbaA
Light It Up (feat. Nyla & Fuse ODG) - Remix,https://www.youtube.com/watch?v=AO7Suyq3xJA
What Lovers Do (feat. SZA),https://www.youtube.com/watch?v=5Wiio4KoGe8
Wild Things,https://www.youtube.com/watch?v=gSWInYFVksg
Down With the Sickness,https://www.youtube.com/watch?v=09LTT0xwdfw
Just,https://www.youtube.com/watch?v=LTneCs5oIp8
(I Can't Get No) Satisfaction,https://www.youtube.com/watch?v=nrIPxlFzDi0
Apologize,https://www.youtube.com/watch?v=ZSM3w1v-A_Y
Wait,https://www.youtube.com/watch?v=5mbCzfFbOQY
Keep Talking,https://www.youtube.com/watch?v=wbOTkDn49qI
Ex's & Oh's,https://www.youtube.com/watch?v=X9OvgrxaPKU
Lose Yourself - Soundtrack Version,https://www.youtube.com/watch?v=nXIG_rNOvAw
Wherever I Go,https://www.youtube.com/watch?v=ACoC2dsmEcY
Amazing day,https://www.youtube.com/watch?v=nKriOIQGRXU
Shimmer,https://www.youtube.com/watch?v=rZwSqX6J5hs
Call Me Maybe,https://www.youtube.com/watch?v=Lv_ye0nfrd8
Walking on a Dream,https://www.youtube.com/watch?v=eimgRedLkkU
Pushing Me Away,https://www.youtube.com/watch?v=41a_ZNcF-RI
Cochise,https://www.youtube.com/watch?v=uHvF9WcMQbo
Rock You Like a Hurricane,https://www.youtube.com/watch?v=6yP1tcy9a10
In The Night,https://www.youtube.com/watch?v=Eo-KmOd3i7s
Team,https://www.youtube.com/watch?v=LTneCs5oIp8
Thriller,https://www.youtube.com/watch?v=bqR4RGX7F1U
I Still Haven't Found What I'm Looking For,https://www.youtube.com/watch?v=e3-5YC_oHjE
Walk on the Wild Side,https://www.youtube.com/watch?v=oG6fayQBm9w
Take Me Somewhere Nice,https://www.youtube.com/watch?v=luM6oeCM7Yw
Get Lucky (Radio Edit) [feat. Pharrell Williams],https://www.youtube.com/watch?v=5NV6Rdv1a3I
How to Disappear Completely,https://www.youtube.com/watch?v=6W6HhdqA95w
Spies,https://www.youtube.com/watch?v=9QzDHPcNfrw
Ink,https://www.youtube.com/watch?v=LTneCs5oIp8
Tinker Tailor Soldier Sailor Rich Man Poor Man Beggar Man Thief,https://www.youtube.com/watch?v=VL3DMZZkbZ0
Army of One,https://www.youtube.com/watch?v=9oWclEZprdc
Video Games,https://www.youtube.com/watch?v=GNJtPFXUnm4
Back to Black,https://www.youtube.com/watch?v=pAgnJDJN4VA
White Winter Hymnal,https://www.youtube.com/watch?v=DrQRS40OKNE
Green Eyes,https://www.youtube.com/watch?v=V8hMyVQaCUo
Don't,https://www.youtube.com/watch?v=wXhTHyIgQ_U
A Thousand Years,https://www.youtube.com/watch?v=NfTS7gM7zQ0
D'yer Mak'er,https://www.youtube.com/watch?v=xje-1sw3T0s
Stay With Me - Live From Spotify Berlin,https://www.youtube.com/watch?v=X2JqsNI404k
Fade Into You,https://www.youtube.com/watch?v=qdpXxGPqW-Y
Am I Wrong,https://www.youtube.com/watch?v=3oUPGbRazaA
Alone in Kyoto,https://www.youtube.com/watch?v=XUjAtYQkFm8
The Only Thing,https://www.youtube.com/watch?v=0OL2zAQMNak
Where Are Ü Now (with Justin Bieber),https://www.youtube.com/watch?v=h_ZtBjbeyh0
Controlla,https://www.youtube.com/watch?v=PsW85VbSau0
Better Together,https://www.youtube.com/watch?v=V7AH3PC77q0
Power,https://www.youtube.com/watch?v=HhRTkLnd7LY
Re: Stacks,https://www.youtube.com/watch?v=GhDnyPsQsB0
For Whom the Bell Tolls,https://www.youtube.com/watch?v=jTowyYFXIUY
Levels,https://www.youtube.com/watch?v=8X-V34Ly_Z4
T.N.T.,https://www.youtube.com/watch?v=NhsK5WExrnE
Scars To Your Beautiful,https://www.youtube.com/watch?v=_epVgBDPBOg
I Gotta Feeling,https://www.youtube.com/watch?v=ipii7KbbJLY
I Wanna Be Yours,https://www.youtube.com/watch?v=SezFNtFCeQY
With You,https://www.youtube.com/watch?v=Cwkej79U3ek
Society,https://www.youtube.com/watch?v=lm8oxC24QZc
Waiting for the End,https://www.youtube.com/watch?v=CM1pTu04GFI
The Boxer,https://www.youtube.com/watch?v=l3LFML_pxlY
Astronomy Domine,https://www.youtube.com/watch?v=pJh9OLlXenM
Ain't Nobody (Loves Me Better),https://www.youtube.com/watch?v=4uWFBMo0wuk
Kill Em With Kindness,https://www.youtube.com/watch?v=Dnvatzf8Gj4
All We Know,https://www.youtube.com/watch?v=lEi_XBg2Fpk
VCR,https://www.youtube.com/watch?v=pkz6F48yMV4
Idioteque,https://www.youtube.com/watch?v=svwJTnZOaco
Come Away with Me,https://www.youtube.com/watch?v=lbjZPFBD6JU
Starálfur,https://www.youtube.com/watch?v=hTGMKbLLhB0
Fake Love,https://www.youtube.com/watch?v=0tWU94w_3ig
Should I Stay or Should I Go - Remastered,https://www.youtube.com/watch?v=BN1WwnEDWAM
Rape Me,https://www.youtube.com/watch?v=wt0qhMEg-Xk
Dreams,https://www.youtube.com/watch?v=Yam5uK6e-bQ
Don't Stay,https://www.youtube.com/watch?v=yWHrYNP6j4k
Communication Breakdown,https://www.youtube.com/watch?v=3EH7QMVnSRI
Easier to Run,https://www.youtube.com/watch?v=nTu0LleZh_A
One Last Breath,https://www.youtube.com/watch?v=_eXSQWHgxRE
The Sound of Silence,https://www.youtube.com/watch?v=u9Dg-g7t2l4
Tiger Striped Sky,https://www.youtube.com/watch?v=2_aOBCrdPo8
Anything You Synthesize - Ambient,https://www.youtube.com/watch?v=AOv5BEN8zI8
Not Afraid,https://www.youtube.com/watch?v=j5-yKhDd64s
Hells Bells,https://www.youtube.com/watch?v=etAIpkdhU9Q
King,https://www.youtube.com/watch?v=Of5IcFWiEpg
Sing for the Moment,https://www.youtube.com/watch?v=D4hAVemuQXY
The Unforgiven II,https://www.youtube.com/watch?v=ea--faRAoBM
Nangs,https://www.youtube.com/watch?v=c3yEjD_oijw
Nude,https://www.youtube.com/watch?v=kfVsfOSbJY0
Halo,https://www.youtube.com/watch?v=yrJ7CVeiFvo
Don't Know Why,https://www.youtube.com/watch?v=tO4dxvguQDk
Mr. Blue Sky,https://www.youtube.com/watch?v=swYdKF1MpWg
Side To Side,https://www.youtube.com/watch?v=xVXB9Kw5Fkk
Mellotron Scratch,https://www.youtube.com/watch?v=rBNu-rILsE0
Small Memory,https://www.youtube.com/watch?v=o8g5Omp0Tas
Please Don't Go,https://www.youtube.com/watch?v=w-l5FyA3pgo
TiK ToK,https://www.youtube.com/watch?v=iP6XpLQM2Cs
Jigsaw Falling Into Place,https://www.youtube.com/watch?v=GoLJJRIWCLU
Something About Us,https://www.youtube.com/watch?v=kfVsfOSbJY0
Something Good,https://www.youtube.com/watch?v=UetJAFogqE4
In Da Club,https://www.youtube.com/watch?v=5qm8PH4xAss
Tiny Dancer,https://www.youtube.com/watch?v=yYcyacLRPNs
"New Person, Same Old Mistakes",https://www.youtube.com/watch?v=HoQ8qr3nAr8
Watching The Storm,https://www.youtube.com/watch?v=M6azIGgk-V8
Flume,https://www.youtube.com/watch?v=hZe5K1DN4ec
Yesterday,https://www.youtube.com/watch?v=fCV9oqtwyVA
My Hero,https://www.youtube.com/watch?v=EqWRaAF6_WY
Paradise Circus,https://www.youtube.com/watch?v=jEgX64n3T7g
I Don't Want to Miss a Thing,https://www.youtube.com/watch?v=JkK8g6FMEXE
All About That Bass,https://www.youtube.com/watch?v=7PCkvCPvDXk
Shoot to Thrill,https://www.youtube.com/watch?v=wLoWd2KyUro
LOCATION,https://www.youtube.com/watch?v=by3yRdlQvzs
Masollan,https://www.youtube.com/watch?v=LTneCs5oIp8
Lights,https://www.youtube.com/watch?v=0NKUpo_xKyQ
Lucky,https://www.youtube.com/watch?v=5NV6Rdv1a3I
Subterranean Homesick Alien,https://www.youtube.com/watch?v=f-Eu5ZvcLb0
Banana Pancakes,https://www.youtube.com/watch?v=OkyrIRyrRdY
Goodbye Blue Sky,https://www.youtube.com/watch?v=bn6YnUt4Vuk
Time of Our Lives,https://www.youtube.com/watch?v=wtxanSrNdN8
Ambre,https://www.youtube.com/watch?v=BFxanlSp9ZM
Cold Water,https://www.youtube.com/watch?v=a59gmGkq_pw
Branch,https://www.youtube.com/watch?v=LTneCs5oIp8
In Bloom,https://www.youtube.com/watch?v=co6WMzDOh1o
Sing,https://www.youtube.com/watch?v=pHZneOidj9A
Svefn-g-englar,https://www.youtube.com/watch?v=8L64BcCRDAE
Hard Sun,https://www.youtube.com/watch?v=T1tVvQUAcf4
Careless Whisper,https://www.youtube.com/watch?v=1m6en0SQNFs
Electric Love,https://www.youtube.com/watch?v=VUCuoxOUD6U
Light Of The Seven,https://www.youtube.com/watch?v=QJHPlKPOc78
The Funeral,https://www.youtube.com/watch?v=BNxNhMJHnRo
Make You Feel My Love,https://www.youtube.com/watch?v=fdWto-AUM3Q
Give It Away,https://www.youtube.com/watch?v=Mr_uHJPUlO8
Stay Alive,https://www.youtube.com/watch?v=I_izvAbhExY
Fight Song,https://www.youtube.com/watch?v=v88yF2stnag
Nothing Arrived - Live from Spotify London,https://www.youtube.com/watch?v=iDEzRraYgA8
Colour Spectrum,https://www.youtube.com/watch?v=5dczpjt5HLo
Lisztomania,https://www.youtube.com/watch?v=3Kh5OfgE8tY
Lucy in the Sky with Diamonds,https://www.youtube.com/watch?v=2RoA0QTZ-bM
Wherever I May Roam,https://www.youtube.com/watch?v=Cs1sTHgQlsU
Born to Run,https://www.youtube.com/watch?v=dt_H1zTvWlQ
Little Wing,https://www.youtube.com/watch?v=IZiKkXkLit0
All The Pretty Girls,https://www.youtube.com/watch?v=FNwgOkl5nRY
1901,https://www.youtube.com/watch?v=MJXWN0o3KfY
Don't Stop Me Now,https://www.youtube.com/watch?v=m3QGB9EfmpY
In the Air Tonight,https://www.youtube.com/watch?v=v7x32gwqEAc
Cause I'm A Man,https://www.youtube.com/watch?v=EyEB2AEqHxc
Mask Off,https://www.youtube.com/watch?v=xvZqHgFz51I
Human,https://www.youtube.com/watch?v=L3wKzyIN1yk
Aerials,https://www.youtube.com/watch?v=L-iepu3EtyE
One for the Road,https://www.youtube.com/watch?v=5AzAQPtjRnc
We Are the Champions,https://www.youtube.com/watch?v=d5GkgVhFeZY
Walk,https://www.youtube.com/watch?v=6JCLY0Rlx6Q
Dust in the Wind,https://www.youtube.com/watch?v=tH2w6Oxx0kQ
I Really Like You,https://www.youtube.com/watch?v=Er9LB5fiXXM
Turn the Page,https://www.youtube.com/watch?v=gHmCePC_YOc
Cemeteries of London,https://www.youtube.com/watch?v=v6gxuxw69z0
Crazy Train,https://www.youtube.com/watch?v=Tg0BGr79mDE
I Need My Girl,https://www.youtube.com/watch?v=A-Tod1_tZdU
You Can't Always Get What You Want,https://www.youtube.com/watch?v=Ef9QnZVpVd8
XO TOUR Llif3,https://www.youtube.com/watch?v=oJ-6Th-FG_A
Feels,https://www.youtube.com/watch?v=ozv4q2ov3Mk
Starboy (feat. Daft Punk),https://www.youtube.com/watch?v=xizN47Box_Y
Whiskey in the Jar,https://www.youtube.com/watch?v=KsB6BJDUG5A
September,https://www.youtube.com/watch?v=BFxanlSp9ZM
Pinball Wizard,https://www.youtube.com/watch?v=hHc7bR6y06M
"All Is Violent, All Is Bright",https://www.youtube.com/watch?v=DaUECAqHo3I
Love Me Like You Do,https://www.youtube.com/watch?v=MGdH0Lm7f0I
Stay (with Alessia Cara),https://www.youtube.com/watch?v=LS2ifrLAadU
Marvin Gaye (feat. Meghan Trainor),https://www.youtube.com/watch?v=igNVdlXhKcI
Bless Those Tired Eyes,https://www.youtube.com/watch?v=dp6tw-el0kA
Snap Out of It,https://www.youtube.com/watch?v=upnibK1JKME
Don't You Worry Child (Radio Edit) [feat. John Martin],https://www.youtube.com/watch?v=3mWbRB3Y4R8
The National Anthem,https://www.youtube.com/watch?v=SZRPwEP5ltg
Linger,https://www.youtube.com/watch?v=G6Kspj3OO0s
Mr. Jones,https://www.youtube.com/watch?v=-oqAU5VxFWs
New Divide,https://www.youtube.com/watch?v=Sk2x_k1GWt8
Hey Now,https://www.youtube.com/watch?v=Rl5DRpBqs4Q
Scared To Be Lonely,https://www.youtube.com/watch?v=dPrkfuto5WE
When You Were Young,https://www.youtube.com/watch?v=ff0oWESdmH0
Pyramid Song,https://www.youtube.com/watch?v=3M_Gg1xAHE4
"""Heroes""",https://www.youtube.com/watch?v=1HA4lGbrFSY
Session,https://www.youtube.com/watch?v=d5AfvOk57bE
Over the Hills and Far Away,https://www.youtube.com/watch?v=CwED4C5FJuo
Smother,https://www.youtube.com/watch?v=X5KCkUPR2Lg
XO,https://www.youtube.com/watch?v=ZASSzkqE1Qs
Cherry Wine - Live,https://www.youtube.com/watch?v=pWWX0aUW_HY
Call On Me - Ryan Riback Remix,https://www.youtube.com/watch?v=I-VsisgVkHw
Around the World,https://www.youtube.com/watch?v=IRvGZffXhfk
Love The Way You Lie,https://www.youtube.com/watch?v=uelHwf8o7_U
Vicarious,https://www.youtube.com/watch?v=h_TUP2vuaDs
Hey Brother,https://www.youtube.com/watch?v=YxIiPLVR6NA
Mockingbird,https://www.youtube.com/watch?v=t5rBx86Noa0
A Rush of Blood to the Head,https://www.youtube.com/watch?v=AiebvAkb4LM
Hallowed Be Thy Name,https://www.youtube.com/watch?v=DQZTfRF4Z1g
Big Jet Plane,https://www.youtube.com/watch?v=ZA6OraBeoms
My Generation,https://www.youtube.com/watch?v=qN5zw04WxCc
Hurts Like Heaven,https://www.youtube.com/watch?v=C8KV0mzqTXY
Stand By Me,https://www.youtube.com/watch?v=tTSjI-_RwEE
Swalla (feat. Nicki Minaj & Ty Dolla $ign),https://www.youtube.com/watch?v=NGLxoKOvzu4
Greenland,https://www.youtube.com/watch?v=lEulIAxci5I
They Move on Tracks of Never-Ending Light,https://www.youtube.com/watch?v=__Cx4l152lA
Poker Face,https://www.youtube.com/watch?v=ktD8cxe_KK0
Knights of Cydonia,https://www.youtube.com/watch?v=GjXWtEqs8I4
Lonely Day,https://www.youtube.com/watch?v=DnGdoEa1tPg
A Day in the Life,https://www.youtube.com/watch?v=usNsCeOV4GM
I Am The Highway,https://www.youtube.com/watch?v=li_W-6djZ60
Disciples,https://www.youtube.com/watch?v=IS7H1ieY1k4
Dance of Death,https://www.youtube.com/watch?v=0MHyJjucQdE
All The Stars (with SZA),https://www.youtube.com/watch?v=yvOh7vVqlaE
Something,https://www.youtube.com/watch?v=Px70SMnwFHw
The Trooper,https://www.youtube.com/watch?v=X4bgXH3sJ2Q
Stubborn Love,https://www.youtube.com/watch?v=6GFvUCcljkM
Cure for the Itch,https://www.youtube.com/watch?v=u6z5U83lfrQ
Locked Away,https://www.youtube.com/watch?v=H3vxHue4pfk
Kerala,https://www.youtube.com/watch?v=LTneCs5oIp8
Time Is Running Out,https://www.youtube.com/watch?v=rYDuNq-a5b4
Shake It Out,https://www.youtube.com/watch?v=1cqLp1RqHl8
I Hate Everything About You,https://www.youtube.com/watch?v=d8ekz_CSBVg
The Middle,https://www.youtube.com/watch?v=xQzS3JnZQZM
The Mother We Share,https://www.youtube.com/watch?v=_mTRvJ9fugM
Hall of Fame,https://www.youtube.com/watch?v=3Kxf2dHlDpQ
Misty Mountain Hop,https://www.youtube.com/watch?v=y6M3YQ_EF2E
Landslide,https://www.youtube.com/watch?v=WM7-PYtXtJM
What Do You Want From Me,https://www.youtube.com/watch?v=X1Fqn9du7xo
unforgettable,https://www.youtube.com/watch?v=JFyuOEovTOE
Money - 2011 Remastered Version,https://www.youtube.com/watch?v=sndo_wdc384
Indian Summer,https://www.youtube.com/watch?v=gMEjts77cbs
Hysteria,https://www.youtube.com/watch?v=yMzyleT2FqY
Dumb,https://www.youtube.com/watch?v=4YFu4dvMHHY
9 Crimes,https://www.youtube.com/watch?v=igA2zvsolPY
Dangerous Woman,https://www.youtube.com/watch?v=WBMx99g8R9Y
Parachutes,https://www.youtube.com/watch?v=v77WFwYtUE0
Hips Don't Lie,https://www.youtube.com/watch?v=EPKHC59Fpko
"Love Me Like You Do - From ""Fifty Shades of Grey""",https://www.youtube.com/watch?v=bgjUzhdmmF0
On hold,https://www.youtube.com/watch?v=8ofCZObsnOo
Believe,https://www.youtube.com/watch?v=nZXRV4MezEw
Like Real People Do,https://www.youtube.com/watch?v=yrleydRwWms
Beat It,https://www.youtube.com/watch?v=oRdxUFDoQe0
Breakeven,https://www.youtube.com/watch?v=8Bp13TeFNrw
princess of china,https://www.youtube.com/watch?v=TDj3sorWXbE
One Last Time,https://www.youtube.com/watch?v=BPgEgaPk62M
Stan,https://www.youtube.com/watch?v=gOMhN-hfMtY
Run Like Hell,https://www.youtube.com/watch?v=4FzH8guzt_0
Divenire,https://www.youtube.com/watch?v=4dfgeyk2svU
Perfect Strangers,https://www.youtube.com/watch?v=8vbnLYROCj8
Spirits,https://www.youtube.com/watch?v=Wpv-vGScrvU
B.Y.O.B.,https://www.youtube.com/watch?v=zUzd9KyIDrM
Behind Blue Eyes,https://www.youtube.com/watch?v=8IEQpfA528M
SexyBack,https://www.youtube.com/watch?v=3gOHvDP_vCs
Politik,https://www.youtube.com/watch?v=tHlYLt7Vt2c
Your Song,https://www.youtube.com/watch?v=RsELrcVNzG0
High Speed,https://www.youtube.com/watch?v=iv6F5aZU34I
High by the Beach,https://www.youtube.com/watch?v=QnxpHIl5Ynw
The Game of Love,https://www.youtube.com/watch?v=7RgXQSd9ojA
Bridge over Troubled Water,https://www.youtube.com/watch?v=4G-YQA_bsOU
Yes I'm Changing,https://www.youtube.com/watch?v=D_cMCvudZBs
(Everything I Do) I Do It for You,https://www.youtube.com/watch?v=Y0pdQU87dc8
Shine,https://www.youtube.com/watch?v=mmZ1YI5vmD8
Too Good at Goodbyes,https://www.youtube.com/watch?v=J_ub7Etch2U
Anesthetize,https://www.youtube.com/watch?v=wyYN3lSknIM
Lips of Ashes,https://www.youtube.com/watch?v=f-W6ctbSHbc
I Can Almost See You,https://www.youtube.com/watch?v=niCMpOkMcWU
Look What You Made Me Do,https://www.youtube.com/watch?v=_k7hmkf2dvQ
Cowboys from Hell,https://www.youtube.com/watch?v=WYfljBCpmE4
When I Was Your Man,https://www.youtube.com/watch?v=vkNEc-eCsHY
By Myself,https://www.youtube.com/watch?v=wWBp-nlGX1o
Hit the Floor,https://www.youtube.com/watch?v=oMals9XXQY8
Slide,https://www.youtube.com/watch?v=xWggTb45brM
O,https://www.youtube.com/watch?v=LTneCs5oIp8
Secrets,https://www.youtube.com/watch?v=qHm9MG9xw1o
All I Want,https://www.youtube.com/watch?v=OOgvDiXl6hA
My Girl,https://www.youtube.com/watch?v=WHVpbP3wkB8
Cecilia,https://www.youtube.com/watch?v=e5uei2AFEaQ
Can't Help Falling in Love,https://www.youtube.com/watch?v=O-aavAlSYgc
Finally Moving,https://www.youtube.com/watch?v=pbU2KsjCHt4
Who Are You,https://www.youtube.com/watch?v=BFxanlSp9ZM
Bang My Head (feat. Sia & Fetty Wap),https://www.youtube.com/watch?v=qqjVwAg5fK4
Boy 1904,https://www.youtube.com/watch?v=SLim3AnpjMk
Fear of the Dark,https://www.youtube.com/watch?v=03aCfe6Ui3A
Breaking the Law,https://www.youtube.com/watch?v=L397TWLwrUU
The Battle of Evermore,https://www.youtube.com/watch?v=88b0OYxdtyM
Stuck in the Middle With You,https://www.youtube.com/watch?v=ln7Vn_WKkWU
Superheroes,https://www.youtube.com/watch?v=_WCD3Z9UmJ4
Hardwired,https://www.youtube.com/watch?v=Njxs13i6kBw
Opening,https://www.youtube.com/watch?v=LTneCs5oIp8
Thrift Shop (feat. Wanz),https://www.youtube.com/watch?v=lDzMXWiwZ6Q
Closer,https://www.youtube.com/watch?v=25ROFXjoaAU
Gold on the Ceiling,https://www.youtube.com/watch?v=6yCIDkFI7ew
Yellow Submarine,https://www.youtube.com/watch?v=m2uTFF_3MaA
My Iron Lung,https://www.youtube.com/watch?v=eHK67LiMI8k
Patience,https://www.youtube.com/watch?v=ErvgV4P6Fzc
Superstition,https://www.youtube.com/watch?v=QQAbzLUl9ns
Sorry Not Sorry,https://www.youtube.com/watch?v=0mHPrkhE_Tg
Within,https://www.youtube.com/watch?v=LTneCs5oIp8
Talk Is Cheap,https://www.youtube.com/watch?v=aP_-P_BS6KY
Cool Girl,https://www.youtube.com/watch?v=W9OThUZ2UxM
Death with Dignity,https://www.youtube.com/watch?v=KIlFwL7HF3Q
Youth,https://www.youtube.com/watch?v=XYAghEq5Lfw
Everybody's Changing,https://www.youtube.com/watch?v=RSNmgE6L8AU
Put Your Records On,https://www.youtube.com/watch?v=u7Mf_ZjI2Pg
Iridescent,https://www.youtube.com/watch?v=uCaXDOgQus0
The Joker,https://www.youtube.com/watch?v=dV3AziKTBUo
Speak to Me,https://www.youtube.com/watch?v=9dWYUdBsSF8
Near Light,https://www.youtube.com/watch?v=0kYc55bXJFI
Nothing's Gonna Hurt You Baby,https://www.youtube.com/watch?v=QI8VrXkffcg
September Song,https://www.youtube.com/watch?v=P6lZsW8SKNw
The Breach,https://www.youtube.com/watch?v=IY4UKHuZZ5U
The Stars in Spring,https://www.youtube.com/watch?v=tzMGDIU_-ow
Polly,https://www.youtube.com/watch?v=DrlaVYKWeLU
My Number,https://www.youtube.com/watch?v=fWNaR-rxAic
Feeling Good,https://www.youtube.com/watch?v=mzgFEAtawE0
No Rain,https://www.youtube.com/watch?v=6oipFiNPfdY
Interstate Love Song,https://www.youtube.com/watch?v=BsdXUx61un8
So What,https://www.youtube.com/watch?v=B6k5FTq03ic
Wolves,https://www.youtube.com/watch?v=xrbY9gDVms0
Aquarium,https://www.youtube.com/watch?v=ZyhrYis509A
Here For You,https://www.youtube.com/watch?v=dtj-G1gKnD8
Send Receive,https://www.youtube.com/watch?v=LTneCs5oIp8
Soul Meets Body,https://www.youtube.com/watch?v=38YEnQWDLvo
Island in the Sun,https://www.youtube.com/watch?v=erG5rgNYSdk
Du hast,https://www.youtube.com/watch?v=W3q8Od5qJio
Good Life,https://www.youtube.com/watch?v=FG9M0aEpJGE
Pink Moon,https://www.youtube.com/watch?v=aXnfhnCoOyo
Laid to Rest,https://www.youtube.com/watch?v=fOWB6rmSd4I
Aqualung,https://www.youtube.com/watch?v=N4zPu3ISCGs
Come and Get Your Love,https://www.youtube.com/watch?v=BA4rSO-h9Io
An Ending (Ascent),https://www.youtube.com/watch?v=XbL9DT4QFc8
You’re So Very Far Away,https://www.youtube.com/watch?v=zDyOrCpcn6M
Eleanor Rigby,https://www.youtube.com/watch?v=6gluNoLVKiQ
Guerrilla Radio,https://www.youtube.com/watch?v=n6cBRx2Ie6A
Space Oddity,https://www.youtube.com/watch?v=iYYRH4apXDo
Habits (Stay High),https://www.youtube.com/watch?v=2V01j6bMYJg
White Flag,https://www.youtube.com/watch?v=j-fWDrZSiZs
Dirty Deeds Done Dirt Cheap,https://www.youtube.com/watch?v=cAk4OAAzZBs
New Americana,https://www.youtube.com/watch?v=fBZwZ2dyjBY
Slow Hands,https://www.youtube.com/watch?v=nBmNcLBaPUE
Space Song,https://www.youtube.com/watch?v=RBtlPT23PTM
Genghis Khan,https://www.youtube.com/watch?v=xeXG9-wyzw0
Bohemian Rhapsody - Remastered 2011,https://www.youtube.com/watch?v=iXWKaFAv1_I
How Long,https://www.youtube.com/watch?v=LTneCs5oIp8
The Start of Something Beautiful,https://www.youtube.com/watch?v=wNiQpKkOxzI
Here Comes The Sun - Remastered,https://www.youtube.com/watch?v=xUNqsfFUwhY
Wake Up,https://www.youtube.com/watch?v=4qCxsUUU3MI
Wish You Were Here,https://www.youtube.com/watch?v=Zv0OwvsP0ek
Cool Kids,https://www.youtube.com/watch?v=fomDBGr4LpE
Contact,https://www.youtube.com/watch?v=JI5noh4OyXc
ELEMENT.,https://www.youtube.com/watch?v=U2cfju6GTNs
God's Plan,https://www.youtube.com/watch?v=xpVfcZ0ZcFM
Wish You Were Here - 2011 Remastered Version,https://www.youtube.com/watch?v=yvtDnXotr-s
Þú ert jörðin,https://www.youtube.com/watch?v=TXjrFW26k1Y
Drive Home,https://www.youtube.com/watch?v=ycYewhiaVBk
Mardy Bum,https://www.youtube.com/watch?v=Lp1fQ51YZMM
Bodysnatchers,https://www.youtube.com/watch?v=nIQxhSvSRnQ
42,https://www.youtube.com/watch?v=3_-a9nVZYjk
A Message,https://www.youtube.com/watch?v=xfq_A8nXMsQ
Figure.09,https://www.youtube.com/watch?v=-icIi6xuJ3w
Knockin' on Heaven's Door,https://www.youtube.com/watch?v=rm9coqlk8fY
All Day and All of the Night,https://www.youtube.com/watch?v=cDVbnbxduUA
My December,https://www.youtube.com/watch?v=NIfSmtvob7w
My Sacrifice,https://www.youtube.com/watch?v=O-fyNgHdmLI
Silence,https://www.youtube.com/watch?v=4oXgCJf4hf8
Once In A While,https://www.youtube.com/watch?v=lWCw43Mdgw8
Ether,https://www.youtube.com/watch?v=BfbFc9Mde44
Dil Se Re,https://www.youtube.com/watch?v=8ToEwbzM-0c
Diamonds,https://www.youtube.com/watch?v=sR4UYZPhTXY
Battery,https://www.youtube.com/watch?v=Rl41OBPeqaY
Forgotten,https://www.youtube.com/watch?v=HNCgBuI2eJc
Lebanese Blonde,https://www.youtube.com/watch?v=1t7W6NtTKAw
Rocket Man (I Think It's Going to Be a Long Long Time),https://www.youtube.com/watch?v=GuyGoiQkWAo
Life in the Fast Lane,https://www.youtube.com/watch?v=po6QU0z1rSs
Twentytwofourteen,https://www.youtube.com/watch?v=yWy4Pf8SiNc
